,BTCUSDT,XMRUSDT,AAVEUSDT,DOTUSDT,CRVUSDT,LTCUSDT,SOLUSDT,UNIUSDT,TRXUSDT,BNBUSDT,ADAUSDT,EOSUSDT,DOGEUSDT,MATICUSDT,ETHUSDT
2022-12-03 00:00:00,16885.20000000,145.30000000,62.80000000,5.49000000,0.63500000,76.47000000,13.29000000,6.10000000,0.05358000,290.40000000,0.31960000,0.92200000,0.09970000,0.90290000,1240.51000000
2022-12-04 00:00:00,17105.70000000,142.20000000,64.40000000,5.59000000,0.67000000,77.07000000,13.71000000,6.27000000,0.05309000,291.80000000,0.32210000,0.93000000,0.10406000,0.92120000,1279.41000000
2022-12-05 00:00:00,16966.35000000,145.10000000,64.40000000,5.48000000,0.67500000,80.19000000,13.82000000,6.17000000,0.05334000,288.40000000,0.31930000,0.93100000,0.10149000,0.91160000,1259.41000000
2022-12-06 00:00:00,17088.96000000,143.40000000,64.00000000,5.50000000,0.67900000,79.88000000,14.30000000,6.18000000,0.05364000,290.20000000,0.31830000,0.95800000,0.10019000,0.91760000,1271.32000000
2022-12-07 00:00:00,16836.64000000,143.90000000,61.40000000,5.29000000,0.65200000,76.89000000,13.49000000,6.00000000,0.05312000,284.20000000,0.31020000,0.98900000,0.09575000,0.89730000,1231.18000000
2022-12-08 00:00:00,17224.10000000,147.60000000,62.80000000,5.42000000,0.66700000,78.27000000,13.69000000,6.19000000,0.05448000,290.40000000,0.31450000,0.99500000,0.09847000,0.92760000,1280.18000000
2022-12-09 00:00:00,17128.56000000,149.20000000,61.50000000,5.30000000,0.64500000,76.31000000,13.59000000,6.17000000,0.05464000,286.00000000,0.31180000,1.03200000,0.09670000,0.90970000,1263.10000000
2022-12-10 00:00:00,17127.49000000,149.70000000,61.40000000,5.27000000,0.63800000,76.36000000,13.58000000,6.08000000,0.05483000,288.20000000,0.31260000,1.03400000,0.09632000,0.90820000,1266.35000000
2022-12-11 00:00:00,17085.05000000,150.60000000,59.60000000,5.17000000,0.62900000,76.50000000,13.42000000,5.92000000,0.05397000,284.40000000,0.30740000,1.00400000,0.09266000,0.89220000,1263.01000000
2022-12-12 00:00:00,17209.83000000,150.60000000,60.10000000,5.17000000,0.61900000,76.23000000,13.31000000,5.92000000,0.05352000,276.10000000,0.30690000,0.98200000,0.09029000,0.91070000,1275.40000000
2022-12-13 00:00:00,17774.70000000,151.60000000,62.00000000,5.28000000,0.65600000,77.39000000,13.89000000,6.11000000,0.05450000,272.20000000,0.31420000,1.00100000,0.09105000,0.92440000,1320.69000000
2022-12-14 00:00:00,17803.15000000,148.80000000,62.60000000,5.21500000,0.64600000,75.30000000,14.12000000,5.90800000,0.05558000,267.70000000,0.30790000,0.97700000,0.08824000,0.90260000,1307.44000000
2022-12-15 00:00:00,17356.34000000,149.10000000,60.90000000,5.23000000,0.61800000,72.42000000,14.04000000,5.79900000,0.05577000,258.80000000,0.30030000,0.95600000,0.08485000,0.87870000,1266.54000000
2022-12-16 00:00:00,16632.12000000,142.00000000,54.80000000,4.65200000,0.54600000,66.25000000,12.25000000,5.30000000,0.05292000,231.20000000,0.26320000,0.87300000,0.07569000,0.79530000,1166.83000000
2022-12-17 00:00:00,16776.52000000,143.40000000,55.50000000,4.70800000,0.56000000,64.89000000,12.51000000,5.38600000,0.05486000,242.10000000,0.26720000,0.89100000,0.07919000,0.81560000,1187.16000000
2022-12-18 00:00:00,16738.21000000,144.00000000,55.80000000,4.65700000,0.54900000,64.37000000,12.38000000,5.32800000,0.05378000,251.00000000,0.26590000,0.88200000,0.07847000,0.81260000,1183.06000000
2022-12-19 00:00:00,16438.88000000,143.80000000,53.70000000,4.48100000,0.51700000,63.37000000,11.94000000,5.09000000,0.05356000,240.40000000,0.25290000,0.84800000,0.07133000,0.77370000,1167.82000000
2022-12-20 00:00:00,16895.56000000,146.80000000,55.70000000,4.60500000,0.52800000,65.55000000,12.26000000,5.36200000,0.05497000,251.40000000,0.25870000,0.88900000,0.07483000,0.80120000,1216.94000000
2022-12-21 00:00:00,16824.67000000,147.20000000,56.00000000,4.48500000,0.51800000,65.40000000,12.14000000,5.32200000,0.05492000,246.20000000,0.25340000,0.88900000,0.07374000,0.79380000,1213.78000000
2022-12-22 00:00:00,16821.43000000,145.30000000,55.70000000,4.53100000,0.52400000,66.21000000,11.82000000,5.37200000,0.05554000,245.80000000,0.25660000,0.88800000,0.07685000,0.79660000,1217.71000000
2022-12-23 00:00:00,16778.50000000,143.10000000,54.60000000,4.47300000,0.52700000,65.75000000,11.78000000,5.26500000,0.05423000,246.20000000,0.25940000,0.88500000,0.07721000,0.79910000,1219.99000000
2022-12-24 00:00:00,16836.12000000,143.40000000,54.40000000,4.45200000,0.52400000,65.76000000,11.45000000,5.20200000,0.05473000,244.50000000,0.25920000,0.88100000,0.07752000,0.79580000,1220.41000000
2022-12-25 00:00:00,16832.11000000,145.10000000,54.40000000,4.49200000,0.52100000,69.15000000,11.38000000,5.16100000,0.05481000,243.20000000,0.25910000,0.87800000,0.07598000,0.79500000,1218.51000000
2022-12-26 00:00:00,16919.39000000,146.70000000,56.00000000,4.57100000,0.53600000,70.78000000,11.32000000,5.20300000,0.05459000,244.30000000,0.26520000,0.88800000,0.07568000,0.81540000,1228.11000000
2022-12-27 00:00:00,16706.36000000,145.60000000,57.50000000,4.47800000,0.52900000,68.67000000,11.09000000,5.19300000,0.05415000,246.70000000,0.26030000,0.89600000,0.07372000,0.80630000,1211.55000000
2022-12-28 00:00:00,16547.31000000,146.80000000,53.80000000,4.28600000,0.50900000,66.32000000,9.76000000,4.97000000,0.05416000,244.50000000,0.24820000,0.87100000,0.07040000,0.78270000,1190.15000000
2022-12-29 00:00:00,16633.47000000,145.60000000,54.50000000,4.30900000,0.51100000,66.66000000,9.64000000,5.04800000,0.05402000,246.30000000,0.24400000,0.86500000,0.07094000,0.77690000,1200.49000000
2022-12-30 00:00:00,16607.48000000,145.90000000,52.40000000,4.32400000,0.52800000,67.94000000,9.90000000,5.09800000,0.05439000,245.80000000,0.24580000,0.86300000,0.06840000,0.76120000,1199.99000000
2022-12-31 00:00:00,16542.40000000,147.30000000,52.00000000,4.30900000,0.52400000,70.14000000,9.97000000,5.16600000,0.05450000,246.30000000,0.24580000,0.86200000,0.07025000,0.75830000,1196.13000000
2023-01-01 00:00:00,16616.75000000,148.50000000,52.20000000,4.37100000,0.52700000,70.91000000,9.99000000,5.24800000,0.05481000,244.40000000,0.24990000,0.87900000,0.07024000,0.76030000,1200.34000000
2023-01-02 00:00:00,16672.87000000,147.80000000,53.00000000,4.49200000,0.53300000,74.74000000,11.28000000,5.37100000,0.05517000,245.20000000,0.25380000,0.88200000,0.07140000,0.78090000,1214.00000000
2023-01-03 00:00:00,16675.18000000,148.40000000,53.00000000,4.52600000,0.53000000,75.57000000,13.37000000,5.37900000,0.05483000,246.10000000,0.25290000,0.88000000,0.07049000,0.77980000,1214.55000000
2023-01-04 00:00:00,16850.36000000,150.90000000,56.90000000,4.63200000,0.55400000,75.46000000,13.43000000,5.53200000,0.05477000,258.90000000,0.26780000,0.90700000,0.07311000,0.80680000,1256.90000000
2023-01-05 00:00:00,16831.85000000,156.10000000,55.40000000,4.62000000,0.54300000,74.25000000,13.43000000,5.37700000,0.05374000,256.70000000,0.26920000,0.89200000,0.07152000,0.78900000,1251.24000000
2023-01-06 00:00:00,16950.65000000,154.80000000,56.40000000,4.68400000,0.54600000,75.91000000,13.50000000,5.52000000,0.05249000,259.90000000,0.27860000,0.89500000,0.07241000,0.79920000,1269.14000000
2023-01-07 00:00:00,16943.57000000,155.90000000,56.00000000,4.66400000,0.55000000,76.40000000,13.10000000,5.41400000,0.05201000,261.30000000,0.27680000,0.89100000,0.07219000,0.80630000,1264.07000000
2023-01-08 00:00:00,17127.83000000,155.30000000,59.30000000,4.82600000,0.57700000,78.68000000,14.45000000,5.58000000,0.05439000,274.90000000,0.29740000,0.91100000,0.07363000,0.84070000,1290.16000000
2023-01-09 00:00:00,17178.26000000,158.70000000,61.10000000,4.88700000,0.64100000,81.62000000,16.25000000,5.79000000,0.05461000,272.60000000,0.31680000,0.93600000,0.07566000,0.84260000,1320.39000000
2023-01-10 00:00:00,17440.66000000,161.20000000,61.90000000,4.92000000,0.65000000,80.83000000,16.20000000,5.78100000,0.05486000,277.10000000,0.32220000,0.94700000,0.07782000,0.85850000,1335.62000000
2023-01-11 00:00:00,17943.26000000,168.70000000,64.20000000,5.13500000,0.67100000,84.08000000,16.36000000,5.91900000,0.05652000,284.80000000,0.32300000,0.97800000,0.07814000,0.89140000,1389.39000000
2023-01-12 00:00:00,18846.62000000,166.60000000,67.80000000,5.23200000,0.68600000,86.09000000,16.59000000,6.18100000,0.05710000,287.70000000,0.32930000,0.99000000,0.08025000,0.91520000,1415.92000000
2023-01-13 00:00:00,19930.01000000,170.60000000,71.10000000,5.40100000,0.80400000,86.23000000,18.29000000,6.30700000,0.06010000,293.70000000,0.34560000,1.01200000,0.08450000,0.93040000,1451.20000000
2023-01-14 00:00:00,20954.92000000,175.10000000,75.90000000,6.02600000,0.81200000,87.84000000,24.24000000,6.62100000,0.06177000,305.10000000,0.35250000,1.05200000,0.08729000,0.99810000,1549.90000000
2023-01-15 00:00:00,20871.50000000,174.40000000,79.20000000,5.92900000,0.83200000,87.37000000,22.89000000,6.59200000,0.06231000,302.20000000,0.35070000,1.06300000,0.08608000,0.98310000,1552.52000000
2023-01-16 00:00:00,21185.65000000,168.00000000,80.50000000,5.81200000,0.87900000,85.91000000,23.58000000,6.54000000,0.06242000,299.00000000,0.35040000,1.03700000,0.08368000,1.01950000,1576.94000000
2023-01-17 00:00:00,21134.81000000,171.70000000,85.60000000,5.95600000,0.91000000,87.02000000,22.86000000,6.34200000,0.06168000,299.40000000,0.34550000,1.02300000,0.08285000,0.99410000,1565.57000000
2023-01-18 00:00:00,20677.47000000,162.90000000,81.90000000,5.65300000,0.89300000,82.62000000,20.79000000,6.04800000,0.05891000,286.70000000,0.32640000,0.95800000,0.08000000,0.93800000,1511.43000000
2023-01-19 00:00:00,21071.59000000,165.80000000,81.30000000,5.80200000,0.89900000,84.21000000,21.40000000,6.16400000,0.06009000,294.60000000,0.33790000,0.98000000,0.08161000,0.95280000,1551.09000000
2023-01-20 00:00:00,22667.21000000,173.30000000,87.60000000,6.24700000,1.03100000,90.28000000,25.51000000,6.67000000,0.06272000,305.10000000,0.36520000,1.04600000,0.08617000,1.02600000,1658.52000000
2023-01-21 00:00:00,22783.55000000,172.90000000,84.50000000,6.23700000,0.99600000,87.91000000,24.57000000,6.66000000,0.06172000,299.00000000,0.36870000,1.02900000,0.08467000,0.98970000,1626.66000000
2023-01-22 00:00:00,22707.88000000,177.20000000,85.40000000,6.20700000,1.07200000,87.58000000,24.21000000,6.88800000,0.06166000,303.00000000,0.37640000,1.08200000,0.08824000,0.99390000,1627.44000000
2023-01-23 00:00:00,22916.45000000,179.00000000,86.60000000,6.56000000,1.06700000,89.90000000,24.33000000,6.72100000,0.06273000,305.10000000,0.37500000,1.09500000,0.08851000,0.99360000,1626.29000000
2023-01-24 00:00:00,22632.89000000,172.10000000,79.90000000,6.19100000,0.99600000,87.19000000,22.78000000,6.29600000,0.06019000,300.30000000,0.35870000,1.03700000,0.08392000,0.95550000,1555.97000000
2023-01-25 00:00:00,23060.94000000,173.20000000,85.70000000,6.39900000,1.03100000,89.38000000,24.52000000,6.59600000,0.06180000,306.90000000,0.37320000,1.09000000,0.08654000,0.99200000,1611.94000000
2023-01-26 00:00:00,23009.65000000,172.00000000,88.80000000,6.47200000,1.04900000,87.52000000,24.33000000,6.74000000,0.06172000,304.70000000,0.37960000,1.08800000,0.08633000,1.12400000,1601.09000000
2023-01-27 00:00:00,23074.16000000,179.90000000,87.20000000,6.58500000,1.13200000,88.89000000,24.43000000,6.87100000,0.06366000,308.00000000,0.38980000,1.11200000,0.08723000,1.15880000,1597.62000000
2023-01-28 00:00:00,23022.60000000,184.20000000,84.30000000,6.39700000,1.07200000,89.67000000,24.00000000,6.63100000,0.06312000,306.10000000,0.38190000,1.09300000,0.08773000,1.14420000,1572.10000000
2023-01-29 00:00:00,23742.30000000,186.30000000,87.60000000,6.61100000,1.08800000,94.84000000,26.07000000,6.92700000,0.06378000,317.20000000,0.39750000,1.11400000,0.09009000,1.17800000,1644.72000000
2023-01-30 00:00:00,22826.15000000,175.90000000,81.20000000,6.19000000,0.99300000,91.37000000,23.96000000,6.51700000,0.06227000,307.20000000,0.37250000,1.04900000,0.08837000,1.08750000,1566.20000000
2023-01-31 00:00:00,23125.13000000,177.50000000,82.90000000,6.26000000,1.01900000,94.09000000,23.92000000,6.55800000,0.06218000,312.00000000,0.39020000,1.06300000,0.09612000,1.10940000,1585.33000000
2023-02-01 00:00:00,23732.66000000,177.70000000,88.30000000,6.46700000,1.11100000,100.33000000,25.00000000,6.79800000,0.06312000,317.00000000,0.39700000,1.07700000,0.09403000,1.19370000,1641.68000000
2023-02-02 00:00:00,23488.94000000,173.10000000,88.30000000,6.54300000,1.06100000,98.64000000,24.32000000,7.11000000,0.06383000,323.50000000,0.39810000,1.07000000,0.09099000,1.18100000,1643.12000000
2023-02-03 00:00:00,23431.90000000,171.80000000,91.20000000,7.00800000,1.11400000,99.86000000,24.69000000,7.06100000,0.06416000,332.20000000,0.40380000,1.09600000,0.09293000,1.24600000,1663.52000000
2023-02-04 00:00:00,23326.84000000,172.30000000,89.00000000,6.87300000,1.10900000,98.51000000,24.34000000,7.20400000,0.06384000,330.40000000,0.39940000,1.10700000,0.09567000,1.25450000,1666.38000000
2023-02-05 00:00:00,22932.91000000,166.60000000,85.70000000,6.63700000,1.05300000,96.63000000,23.47000000,6.88600000,0.06411000,327.80000000,0.39230000,1.08200000,0.09203000,1.20280000,1629.02000000
2023-02-06 00:00:00,22762.52000000,164.50000000,84.10000000,6.49400000,1.04600000,95.93000000,22.66000000,6.64700000,0.06316000,324.30000000,0.38230000,1.05900000,0.08955000,1.19100000,1614.29000000
2023-02-07 00:00:00,23240.46000000,168.20000000,88.70000000,6.94100000,1.09000000,100.86000000,23.82000000,6.97900000,0.06577000,333.00000000,0.39890000,1.11200000,0.09253000,1.26990000,1671.03000000
2023-02-08 00:00:00,22963.00000000,165.60000000,87.00000000,6.75700000,1.14000000,99.22000000,23.22000000,6.81200000,0.06695000,328.20000000,0.39420000,1.08400000,0.09018000,1.30620000,1650.43000000
2023-02-09 00:00:00,21796.35000000,152.60000000,77.80000000,6.23500000,0.97300000,92.05000000,20.48000000,6.33000000,0.06265000,306.20000000,0.36220000,1.04400000,0.08144000,1.22970000,1545.35000000
2023-02-10 00:00:00,21625.19000000,154.70000000,78.70000000,6.18600000,0.96000000,93.34000000,20.11000000,6.36500000,0.06329000,305.80000000,0.35810000,1.05200000,0.08089000,1.22980000,1513.06000000
2023-02-11 00:00:00,21862.55000000,161.40000000,79.40000000,6.27800000,0.95800000,94.28000000,20.81000000,6.48100000,0.06372000,310.40000000,0.36840000,1.05700000,0.08225000,1.24930000,1538.51000000
2023-02-12 00:00:00,21783.54000000,159.50000000,77.40000000,6.18100000,0.92800000,92.51000000,21.49000000,6.34600000,0.06388000,312.60000000,0.36410000,1.04200000,0.08215000,1.23600000,1514.83000000
2023-02-13 00:00:00,21773.97000000,155.90000000,82.40000000,6.14300000,1.05400000,91.05000000,20.77000000,6.24400000,0.06560000,294.30000000,0.35930000,1.03000000,0.08209000,1.18510000,1505.24000000
2023-02-14 00:00:00,22199.84000000,158.50000000,83.10000000,6.22700000,1.07800000,95.82000000,21.84000000,6.58900000,0.06675000,296.20000000,0.38670000,1.04800000,0.08360000,1.25790000,1555.71000000
2023-02-15 00:00:00,24324.05000000,165.50000000,89.50000000,6.61200000,1.14600000,102.82000000,23.86000000,6.93000000,0.07085000,317.40000000,0.41900000,1.09900000,0.08928000,1.32830000,1674.92000000
2023-02-16 00:00:00,23517.72000000,155.70000000,84.00000000,6.32700000,1.09500000,98.55000000,22.24000000,6.47700000,0.06683000,304.40000000,0.38740000,1.04500000,0.08489000,1.37110000,1637.84000000
2023-02-17 00:00:00,24569.97000000,159.60000000,86.40000000,7.28400000,1.21600000,100.12000000,23.14000000,6.73800000,0.07031000,313.00000000,0.40330000,1.19200000,0.08771000,1.52390000,1693.87000000
2023-02-18 00:00:00,24631.95000000,161.60000000,91.00000000,7.22900000,1.25300000,99.71000000,23.45000000,6.97600000,0.07014000,316.50000000,0.40600000,1.23600000,0.08882000,1.48470000,1691.62000000
2023-02-19 00:00:00,24271.76000000,162.30000000,90.10000000,7.43800000,1.20400000,97.43000000,24.84000000,7.21000000,0.07038000,311.50000000,0.39950000,1.22900000,0.08697000,1.47850000,1679.75000000
2023-02-20 00:00:00,24842.20000000,161.70000000,92.00000000,7.55100000,1.26900000,95.90000000,26.26000000,7.37100000,0.07197000,315.40000000,0.40380000,1.27300000,0.08829000,1.47530000,1703.27000000
2023-02-21 00:00:00,24452.16000000,159.60000000,87.80000000,7.25100000,1.16200000,93.80000000,24.98000000,7.03600000,0.06948000,311.50000000,0.39250000,1.22100000,0.08546000,1.38670000,1659.76000000
2023-02-22 00:00:00,24182.21000000,157.70000000,85.00000000,7.18600000,1.10800000,95.28000000,24.16000000,6.93100000,0.06944000,312.40000000,0.38880000,1.20800000,0.08550000,1.39560000,1643.14000000
2023-02-23 00:00:00,23940.20000000,151.90000000,85.60000000,7.09300000,1.07900000,94.59000000,23.91000000,6.94300000,0.06955000,308.30000000,0.38240000,1.18000000,0.08425000,1.35330000,1650.53000000
2023-02-24 00:00:00,23185.29000000,150.40000000,81.60000000,6.61400000,0.99700000,91.55000000,23.07000000,6.57200000,0.06787000,302.30000000,0.36580000,1.11800000,0.08092000,1.26500000,1607.80000000
2023-02-25 00:00:00,23157.07000000,149.00000000,80.00000000,6.54400000,0.98700000,93.15000000,22.37000000,6.46900000,0.06785000,302.40000000,0.36200000,1.10800000,0.08075000,1.24700000,1594.58000000
2023-02-26 00:00:00,23554.85000000,151.30000000,82.20000000,6.69100000,1.02100000,95.27000000,23.25000000,6.61000000,0.06951000,308.70000000,0.36910000,1.12600000,0.08216000,1.28170000,1641.36000000
2023-02-27 00:00:00,23492.09000000,149.80000000,80.20000000,6.57900000,1.01600000,94.07000000,22.68000000,6.43900000,0.06943000,304.60000000,0.36470000,1.12600000,0.08136000,1.23450000,1633.45000000
2023-02-28 00:00:00,23141.57000000,150.30000000,77.70000000,6.34700000,0.99400000,93.80000000,21.89000000,6.50100000,0.06905000,301.40000000,0.35170000,1.14600000,0.08085000,1.19640000,1605.23000000
2023-03-01 00:00:00,23628.97000000,152.70000000,82.90000000,6.53500000,1.03300000,97.78000000,22.51000000,6.84300000,0.06984000,302.70000000,0.36010000,1.20800000,0.08193000,1.24890000,1665.22000000
2023-03-02 00:00:00,23465.32000000,151.10000000,79.90000000,6.33500000,0.99000000,95.39000000,22.00000000,6.63700000,0.06972000,299.80000000,0.35040000,1.24200000,0.08056000,1.22740000,1647.86000000
2023-03-03 00:00:00,22354.34000000,145.00000000,76.80000000,6.03700000,0.93500000,90.56000000,21.42000000,6.27200000,0.06715000,290.40000000,0.34310000,1.32300000,0.07684000,1.16900000,1569.45000000
2023-03-04 00:00:00,22346.57000000,146.70000000,75.30000000,5.91700000,0.90900000,89.34000000,20.98000000,6.16100000,0.06670000,289.60000000,0.33660000,1.22500000,0.07462000,1.12770000,1566.73000000
2023-03-05 00:00:00,22430.24000000,149.60000000,75.00000000,5.97800000,0.93000000,89.93000000,20.97000000,6.35100000,0.06725000,288.70000000,0.33700000,1.22500000,0.07474000,1.13600000,1564.58000000
2023-03-06 00:00:00,22410.00000000,154.00000000,76.60000000,5.92000000,0.94800000,87.36000000,20.63000000,6.33700000,0.06739000,287.80000000,0.33050000,1.21200000,0.07479000,1.13090000,1565.84000000
2023-03-07 00:00:00,22197.96000000,150.30000000,75.20000000,5.84700000,0.97300000,86.29000000,20.25000000,6.42900000,0.06629000,289.30000000,0.33060000,1.18100000,0.07407000,1.15010000,1561.96000000
2023-03-08 00:00:00,21705.44000000,143.30000000,71.70000000,5.60100000,0.89000000,82.76000000,18.41000000,6.10300000,0.06532000,287.10000000,0.31750000,1.11900000,0.07112000,1.05070000,1532.38000000
2023-03-09 00:00:00,20362.22000000,142.30000000,68.60000000,5.38500000,0.83900000,76.68000000,17.33000000,5.72200000,0.05863000,277.10000000,0.31010000,1.05600000,0.06595000,1.01720000,1437.32000000
2023-03-10 00:00:00,20150.69000000,135.20000000,68.30000000,5.54900000,0.88700000,71.37000000,18.17000000,5.62000000,0.05736000,277.40000000,0.31490000,1.04300000,0.06572000,1.05750000,1426.44000000
2023-03-11 00:00:00,20455.73000000,140.00000000,66.80000000,5.46300000,0.86000000,69.21000000,18.07000000,5.43400000,0.05877000,276.00000000,0.30510000,0.99400000,0.06604000,1.05630000,1471.97000000
2023-03-12 00:00:00,21997.11000000,149.90000000,72.70000000,5.89500000,0.95100000,76.26000000,20.20000000,5.89700000,0.06458000,288.10000000,0.32980000,1.04900000,0.07051000,1.14910000,1580.33000000
2023-03-13 00:00:00,24113.48000000,152.30000000,76.00000000,6.10000000,0.97700000,81.46000000,20.40000000,6.09000000,0.06694000,307.90000000,0.34330000,1.07800000,0.07279000,1.19290000,1673.45000000
2023-03-14 00:00:00,24670.41000000,149.60000000,79.10000000,6.22300000,0.98800000,83.94000000,20.86000000,6.31700000,0.06695000,308.40000000,0.34290000,1.10700000,0.07456000,1.19620000,1699.40000000
2023-03-15 00:00:00,24285.66000000,146.20000000,73.90000000,5.87400000,0.89000000,76.43000000,19.24000000,5.90900000,0.06517000,306.30000000,0.32410000,1.03900000,0.06963000,1.11150000,1649.96000000
2023-03-16 00:00:00,24998.78000000,149.00000000,74.80000000,6.08800000,0.91100000,78.86000000,19.67000000,5.90300000,0.06512000,329.40000000,0.32490000,1.07900000,0.07256000,1.14780000,1673.73000000
2023-03-17 00:00:00,27395.13000000,153.70000000,80.60000000,6.61800000,1.00300000,85.51000000,21.60000000,6.40400000,0.06763000,338.90000000,0.34940000,1.14700000,0.07642000,1.22250000,1789.27000000
2023-03-18 00:00:00,26907.49000000,149.30000000,77.80000000,6.31300000,0.98600000,83.02000000,21.20000000,6.50800000,0.06579000,331.00000000,0.33710000,1.09700000,0.07295000,1.17040000,1758.84000000
2023-03-19 00:00:00,27972.87000000,153.30000000,79.40000000,6.45100000,1.01800000,83.98000000,21.86000000,6.48800000,0.06650000,336.70000000,0.34480000,1.15400000,0.07450000,1.16620000,1780.68000000
2023-03-20 00:00:00,27717.01000000,151.80000000,76.10000000,6.09200000,0.96200000,78.05000000,22.13000000,6.17600000,0.06503000,332.50000000,0.33210000,1.15400000,0.07137000,1.10270000,1732.78000000
2023-03-21 00:00:00,28105.47000000,153.10000000,79.00000000,6.36300000,0.99500000,82.48000000,22.53000000,6.42100000,0.06700000,334.40000000,0.36960000,1.18500000,0.07660000,1.15260000,1801.23000000
2023-03-22 00:00:00,27250.97000000,148.60000000,75.10000000,6.05300000,0.94000000,87.27000000,21.42000000,6.07100000,0.05978000,321.10000000,0.35960000,1.09400000,0.07385000,1.10770000,1734.33000000
2023-03-23 00:00:00,28295.41000000,156.50000000,77.10000000,6.32100000,0.96700000,93.61000000,22.16000000,6.23800000,0.06520000,329.40000000,0.37150000,1.16000000,0.07736000,1.13600000,1813.79000000
2023-03-24 00:00:00,27454.47000000,162.00000000,73.00000000,6.02100000,0.90600000,93.58000000,20.66000000,5.88200000,0.06341000,322.10000000,0.35960000,1.16500000,0.07453000,1.09680000,1749.57000000
2023-03-25 00:00:00,27462.95000000,159.70000000,71.30000000,5.90500000,0.91700000,91.50000000,20.41000000,5.71200000,0.06368000,322.40000000,0.35140000,1.11600000,0.07402000,1.07860000,1741.88000000
2023-03-26 00:00:00,27968.05000000,161.50000000,72.90000000,6.04200000,0.93200000,93.32000000,20.94000000,5.78600000,0.06412000,328.60000000,0.35570000,1.14000000,0.07436000,1.10400000,1773.88000000
2023-03-27 00:00:00,27124.91000000,151.70000000,69.80000000,5.86700000,0.89000000,89.23000000,19.91000000,5.64400000,0.06355000,310.60000000,0.34550000,1.08500000,0.07287000,1.04550000,1715.22000000
2023-03-28 00:00:00,27261.07000000,154.00000000,70.60000000,6.05600000,0.91900000,89.13000000,20.45000000,5.80800000,0.06418000,313.20000000,0.36810000,1.11300000,0.07381000,1.08600000,1772.99000000
2023-03-29 00:00:00,28348.60000000,158.90000000,72.90000000,6.18300000,0.94100000,91.31000000,21.10000000,5.94500000,0.06433000,313.70000000,0.38110000,1.14900000,0.07557000,1.12230000,1793.07000000
2023-03-30 00:00:00,28028.53000000,155.30000000,71.30000000,6.12200000,0.92200000,89.06000000,20.55000000,5.89700000,0.06481000,316.40000000,0.37610000,1.19000000,0.07422000,1.09300000,1793.61000000
2023-03-31 00:00:00,28465.36000000,157.60000000,74.20000000,6.34300000,0.93600000,89.57000000,21.16000000,6.06200000,0.06553000,316.90000000,0.39890000,1.19600000,0.07695000,1.11760000,1821.52000000
2023-04-01 00:00:00,28452.73000000,157.00000000,74.10000000,6.34400000,0.92400000,92.57000000,21.08000000,6.10100000,0.06648000,314.90000000,0.39190000,1.19300000,0.08181000,1.11200000,1820.79000000
2023-04-02 00:00:00,28171.87000000,160.20000000,73.00000000,6.26300000,0.90700000,92.77000000,20.52000000,5.94800000,0.06518000,313.70000000,0.38150000,1.22900000,0.07903000,1.09530000,1794.51000000
2023-04-03 00:00:00,27800.00000000,156.50000000,73.70000000,6.41900000,0.92400000,92.97000000,20.45000000,5.93000000,0.06574000,308.80000000,0.38720000,1.17500000,0.09600000,1.09690000,1810.51000000
2023-04-04 00:00:00,28165.47000000,158.60000000,76.40000000,6.43900000,0.99500000,92.58000000,20.92000000,6.15100000,0.06573000,310.80000000,0.38940000,1.19300000,0.09512000,1.13880000,1870.37000000
2023-04-05 00:00:00,28170.01000000,158.00000000,78.20000000,6.40600000,1.00300000,92.64000000,20.97000000,6.23200000,0.06616000,313.90000000,0.39230000,1.18900000,0.09267000,1.14030000,1908.69000000
2023-04-06 00:00:00,28033.82000000,156.30000000,80.60000000,6.28100000,1.00900000,90.97000000,20.62000000,6.07600000,0.06608000,312.30000000,0.38290000,1.21800000,0.08541000,1.11480000,1872.41000000
2023-04-07 00:00:00,27906.33000000,156.70000000,78.30000000,6.17800000,1.02100000,90.60000000,20.44000000,6.00200000,0.06603000,310.30000000,0.38350000,1.21500000,0.08222000,1.10690000,1863.72000000
2023-04-08 00:00:00,27938.38000000,158.30000000,76.30000000,6.13000000,1.02400000,89.91000000,20.04000000,5.91400000,0.06613000,310.50000000,0.38530000,1.19000000,0.08134000,1.10200000,1848.82000000
2023-04-09 00:00:00,28323.76000000,160.20000000,76.20000000,6.21100000,1.01200000,90.58000000,20.28000000,5.91300000,0.06662000,312.80000000,0.38940000,1.20900000,0.08318000,1.10080000,1858.92000000
2023-04-10 00:00:00,29637.34000000,159.20000000,78.50000000,6.29100000,1.02900000,93.78000000,20.89000000,6.01200000,0.06730000,318.50000000,0.39710000,1.23800000,0.08473000,1.12070000,1910.20000000
2023-04-11 00:00:00,30200.42000000,162.20000000,79.10000000,6.41500000,1.01800000,94.22000000,22.98000000,5.93300000,0.06632000,322.30000000,0.40140000,1.23200000,0.08408000,1.11200000,1889.86000000
2023-04-12 00:00:00,29888.07000000,162.10000000,78.90000000,6.40300000,1.02800000,92.06000000,23.80000000,5.94600000,0.06514000,319.90000000,0.40470000,1.20700000,0.08346000,1.10370000,1917.39000000
2023-04-13 00:00:00,30373.84000000,161.80000000,81.20000000,6.63400000,1.06500000,94.17000000,24.43000000,6.20500000,0.06523000,324.70000000,0.42510000,1.25800000,0.08729000,1.13340000,2012.01000000
2023-04-14 00:00:00,30466.93000000,162.00000000,82.50000000,6.73100000,1.09000000,96.33000000,24.71000000,6.30800000,0.06619000,328.90000000,0.43810000,1.24900000,0.08866000,1.15990000,2099.99000000
2023-04-15 00:00:00,30295.09000000,162.30000000,82.40000000,6.80400000,1.09300000,96.68000000,24.05000000,6.26600000,0.06588000,333.00000000,0.45220000,1.24200000,0.08888000,1.17020000,2090.60000000
2023-04-16 00:00:00,30304.65000000,163.80000000,83.40000000,6.82400000,1.10300000,100.01000000,25.34000000,6.31400000,0.06655000,347.70000000,0.45130000,1.23800000,0.09043000,1.18280000,2118.67000000
2023-04-17 00:00:00,29430.27000000,159.40000000,81.10000000,6.69600000,1.05000000,98.84000000,24.58000000,6.12900000,0.06574000,340.00000000,0.43410000,1.20600000,0.09137000,1.15290000,2074.00000000
2023-04-18 00:00:00,30380.01000000,162.80000000,82.00000000,6.91400000,1.07300000,101.95000000,24.82000000,6.32500000,0.06681000,343.10000000,0.44350000,1.21900000,0.09411000,1.17180000,2103.50000000
2023-04-19 00:00:00,28797.10000000,153.00000000,74.00000000,6.30900000,0.95700000,90.47000000,22.66000000,5.83100000,0.06563000,322.40000000,0.41630000,1.10000000,0.08788000,1.08430000,1933.73000000
2023-04-20 00:00:00,28243.65000000,153.50000000,72.40000000,6.11100000,0.94400000,90.22000000,22.20000000,5.78500000,0.06542000,318.10000000,0.40070000,1.07800000,0.08389000,1.04580000,1942.98000000
2023-04-21 00:00:00,27262.84000000,151.10000000,69.20000000,5.84900000,0.92200000,85.32000000,21.25000000,5.47100000,0.06497000,321.20000000,0.38240000,1.04300000,0.07842000,1.01150000,1848.78000000
2023-04-22 00:00:00,27816.85000000,157.40000000,70.90000000,5.94900000,0.93700000,87.00000000,21.79000000,5.50300000,0.06610000,332.20000000,0.39560000,1.07300000,0.08028000,1.02450000,1874.16000000
2023-04-23 00:00:00,27590.60000000,157.50000000,70.40000000,5.90600000,0.94500000,86.75000000,21.47000000,5.42900000,0.06671000,330.70000000,0.38860000,1.05600000,0.07878000,1.00370000,1862.00000000
2023-04-24 00:00:00,27510.93000000,157.60000000,69.90000000,5.88500000,0.92700000,88.31000000,21.38000000,5.36000000,0.06610000,331.20000000,0.38350000,1.04900000,0.07873000,0.98890000,1841.84000000
2023-04-25 00:00:00,28300.79000000,159.70000000,71.30000000,5.99900000,0.94000000,91.03000000,21.93000000,5.45100000,0.06584000,338.40000000,0.39450000,1.06000000,0.07976000,1.00430000,1866.10000000
2023-04-26 00:00:00,28415.29000000,156.90000000,69.40000000,5.85200000,0.91900000,88.13000000,21.28000000,5.35700000,0.06507000,330.60000000,0.40140000,1.02700000,0.07859000,0.98590000,1866.01000000
2023-04-27 00:00:00,29472.77000000,153.80000000,71.40000000,5.97000000,0.94500000,89.73000000,22.33000000,5.55400000,0.06576000,330.90000000,0.41010000,1.03100000,0.08014000,1.01220000,1908.68000000
2023-04-28 00:00:00,29311.70000000,153.20000000,72.10000000,5.94700000,0.92400000,89.63000000,23.34000000,5.52400000,0.06667000,324.10000000,0.40430000,1.04000000,0.08033000,0.99840000,1890.94000000
2023-04-29 00:00:00,29230.45000000,154.50000000,71.80000000,6.04100000,0.93000000,91.08000000,23.19000000,5.63400000,0.06800000,321.90000000,0.40240000,1.04300000,0.08157000,1.00320000,1907.80000000
2023-04-30 00:00:00,29233.21000000,155.40000000,70.20000000,5.87700000,0.90800000,88.22000000,22.74000000,5.44700000,0.06713000,337.50000000,0.39560000,1.02200000,0.07951000,0.98070000,1870.09000000
2023-05-01 00:00:00,28068.26000000,152.70000000,68.90000000,5.66600000,0.88300000,86.75000000,21.96000000,5.33100000,0.06851000,328.50000000,0.38680000,1.00800000,0.07882000,0.95940000,1830.73000000
2023-05-02 00:00:00,28669.86000000,152.70000000,69.10000000,5.71300000,0.90400000,88.20000000,22.25000000,5.32500000,0.06922000,321.50000000,0.39160000,1.02200000,0.07876000,0.97680000,1870.08000000
2023-05-03 00:00:00,29026.16000000,155.20000000,71.70000000,5.77800000,0.96800000,88.88000000,22.24000000,5.38900000,0.06927000,325.90000000,0.39400000,1.03200000,0.07962000,1.00590000,1905.12000000
2023-05-04 00:00:00,28838.16000000,155.50000000,70.80000000,5.67100000,0.92800000,88.38000000,21.74000000,5.26400000,0.06940000,323.80000000,0.38730000,1.00500000,0.07838000,0.98260000,1877.07000000
2023-05-05 00:00:00,29505.61000000,158.30000000,73.50000000,5.84700000,0.95300000,88.61000000,22.82000000,5.54500000,0.07092000,326.50000000,0.39420000,1.01700000,0.08017000,0.99790000,1993.30000000
2023-05-06 00:00:00,28848.20000000,156.20000000,69.80000000,5.63300000,0.90100000,83.26000000,21.91000000,5.28700000,0.07025000,321.90000000,0.37870000,0.98300000,0.07672000,0.97530000,1896.33000000
2023-05-07 00:00:00,28430.10000000,156.90000000,68.70000000,5.63200000,0.88700000,83.42000000,21.66000000,5.26200000,0.06920000,321.00000000,0.37600000,0.96900000,0.07652000,0.96360000,1870.40000000
2023-05-08 00:00:00,27668.79000000,153.50000000,64.50000000,5.36900000,0.83200000,77.71000000,20.62000000,4.96800000,0.06850000,313.80000000,0.36530000,0.90600000,0.07239000,0.90050000,1847.56000000
2023-05-09 00:00:00,27628.27000000,155.00000000,64.50000000,5.32300000,0.83700000,79.90000000,20.65000000,4.95400000,0.06906000,312.10000000,0.36330000,0.91900000,0.07310000,0.87630000,1846.52000000
2023-05-10 00:00:00,27598.75000000,153.80000000,64.70000000,5.46300000,0.83900000,80.93000000,20.91000000,5.13400000,0.06933000,314.30000000,0.36930000,0.91300000,0.07312000,0.87640000,1840.84000000
2023-05-11 00:00:00,26968.62000000,152.60000000,62.30000000,5.27800000,0.79900000,80.88000000,20.17000000,5.06600000,0.06771000,307.50000000,0.35980000,0.88300000,0.07193000,0.84090000,1794.30000000
2023-05-12 00:00:00,26795.01000000,153.80000000,63.20000000,5.34200000,0.81500000,80.45000000,20.90000000,5.19400000,0.06908000,308.50000000,0.37050000,0.87500000,0.07235000,0.86480000,1807.45000000
2023-05-13 00:00:00,26775.28000000,153.00000000,62.10000000,5.34600000,0.80300000,80.26000000,20.84000000,5.10300000,0.06934000,310.70000000,0.36460000,0.87200000,0.07167000,0.84870000,1795.11000000
2023-05-14 00:00:00,26917.62000000,154.10000000,62.30000000,5.34700000,0.80600000,83.50000000,20.93000000,5.14000000,0.06939000,312.10000000,0.37110000,0.87600000,0.07196000,0.85930000,1799.21000000
2023-05-15 00:00:00,27162.14000000,152.00000000,62.80000000,5.31300000,0.82700000,86.89000000,20.99000000,5.11800000,0.07026000,313.40000000,0.36690000,0.87900000,0.07191000,0.85920000,1816.20000000
2023-05-16 00:00:00,27033.84000000,151.70000000,62.90000000,5.29600000,0.83000000,89.99000000,20.67000000,5.14400000,0.07055000,311.40000000,0.36820000,0.89300000,0.07275000,0.84550000,1824.21000000
2023-05-17 00:00:00,27405.61000000,151.30000000,65.00000000,5.42200000,0.83200000,93.88000000,21.06000000,5.34500000,0.07121000,314.30000000,0.37550000,0.90500000,0.07483000,0.88680000,1822.12000000
2023-05-18 00:00:00,26821.28000000,151.10000000,64.90000000,5.33800000,0.82700000,90.43000000,20.34000000,5.30800000,0.07016000,309.30000000,0.37140000,0.88300000,0.07344000,0.87220000,1800.56000000
2023-05-19 00:00:00,26880.26000000,150.50000000,65.30000000,5.37200000,0.82900000,91.80000000,20.36000000,5.31700000,0.07067000,308.90000000,0.36810000,0.88200000,0.07350000,0.87160000,1812.32000000
2023-05-20 00:00:00,27102.43000000,150.40000000,65.30000000,5.40900000,0.82900000,92.42000000,20.28000000,5.29000000,0.07257000,310.60000000,0.36620000,0.87900000,0.07361000,0.87680000,1819.42000000
2023-05-21 00:00:00,26747.78000000,150.10000000,63.90000000,5.27300000,0.83500000,92.18000000,19.61000000,5.11400000,0.07501000,306.40000000,0.36020000,0.85200000,0.07212000,0.85650000,1804.91000000
2023-05-22 00:00:00,26849.27000000,151.50000000,64.30000000,5.31100000,0.85000000,90.83000000,19.53000000,5.07400000,0.07800000,309.00000000,0.36790000,0.85100000,0.07291000,0.87180000,1817.35000000
2023-05-23 00:00:00,27219.61000000,151.70000000,65.50000000,5.40100000,0.86300000,91.70000000,20.02000000,5.07200000,0.07848000,313.50000000,0.37040000,0.86100000,0.07289000,0.88930000,1854.05000000
2023-05-24 00:00:00,26329.01000000,150.10000000,63.90000000,5.25200000,0.82900000,85.82000000,19.22000000,4.97600000,0.07686000,306.00000000,0.36380000,0.83700000,0.07064000,0.87300000,1799.89000000
2023-05-25 00:00:00,26473.79000000,151.10000000,63.50000000,5.24500000,0.82300000,86.57000000,19.25000000,4.95300000,0.07677000,304.50000000,0.35810000,0.84300000,0.07088000,0.88900000,1805.60000000
2023-05-26 00:00:00,26705.92000000,150.60000000,64.70000000,5.24500000,0.85300000,87.08000000,19.35000000,4.97600000,0.07538000,306.80000000,0.36260000,0.87700000,0.07097000,0.91070000,1827.79000000
2023-05-27 00:00:00,26854.27000000,151.20000000,65.70000000,5.33700000,0.84800000,88.55000000,20.43000000,5.04300000,0.07716000,307.40000000,0.36670000,0.88300000,0.07255000,0.92030000,1829.89000000
2023-05-28 00:00:00,28065.00000000,155.10000000,69.00000000,5.50200000,0.86000000,91.45000000,20.81000000,5.14500000,0.07742000,314.10000000,0.38280000,0.91000000,0.07352000,0.94060000,1908.64000000
2023-05-29 00:00:00,27736.40000000,154.00000000,67.40000000,5.45900000,0.85400000,90.86000000,20.57000000,5.09900000,0.07610000,311.60000000,0.37860000,0.89600000,0.07313000,0.90840000,1892.60000000
2023-05-30 00:00:00,27694.40000000,153.00000000,66.60000000,5.44200000,0.83600000,92.25000000,21.25000000,5.13500000,0.07635000,311.50000000,0.37790000,0.91200000,0.07231000,0.90110000,1900.59000000
2023-05-31 00:00:00,27210.35000000,145.90000000,63.80000000,5.31500000,0.81700000,90.42000000,20.81000000,5.02500000,0.07522000,306.80000000,0.37440000,0.89200000,0.07165000,0.89210000,1873.63000000
2023-06-01 00:00:00,26817.93000000,146.40000000,62.60000000,5.20600000,0.81200000,94.19000000,20.49000000,4.98200000,0.07477000,304.90000000,0.36440000,0.88300000,0.07142000,0.88890000,1861.78000000
2023-06-02 00:00:00,27242.59000000,146.00000000,63.60000000,5.27800000,0.85300000,95.45000000,21.26000000,5.06800000,0.08266000,307.20000000,0.37820000,0.90800000,0.07256000,0.89940000,1906.68000000
2023-06-03 00:00:00,27069.22000000,148.30000000,63.50000000,5.34100000,0.85100000,96.03000000,21.19000000,5.08500000,0.08177000,306.60000000,0.37590000,0.91100000,0.07270000,0.89950000,1892.06000000
2023-06-04 00:00:00,27115.21000000,148.10000000,62.80000000,5.31400000,0.84800000,94.19000000,21.82000000,5.01500000,0.08138000,305.00000000,0.37730000,0.91100000,0.07249000,0.89240000,1890.01000000
2023-06-05 00:00:00,25728.20000000,141.10000000,59.90000000,5.06500000,0.77400000,87.71000000,20.00000000,4.72300000,0.07832000,276.90000000,0.35140000,0.83900000,0.06640000,0.83540000,1810.50000000
2023-06-06 00:00:00,27230.08000000,147.10000000,61.70000000,5.20200000,0.80100000,90.92000000,20.38000000,4.77300000,0.07821000,281.20000000,0.35310000,0.89000000,0.07025000,0.82260000,1884.64000000
2023-06-07 00:00:00,26339.34000000,145.20000000,59.10000000,5.02400000,0.75500000,88.85000000,18.64000000,4.55200000,0.07675000,259.30000000,0.32230000,0.86300000,0.06728000,0.76510000,1832.13000000
2023-06-08 00:00:00,26498.61000000,142.50000000,59.80000000,5.02300000,0.76000000,88.50000000,18.89000000,4.63000000,0.07741000,262.00000000,0.32280000,0.89100000,0.06796000,0.78130000,1845.64000000
2023-06-09 00:00:00,26477.81000000,143.10000000,60.00000000,4.98200000,0.75800000,89.30000000,17.40000000,4.58400000,0.07200000,260.50000000,0.29510000,0.89600000,0.06947000,0.72610000,1840.37000000
2023-06-10 00:00:00,25841.21000000,137.70000000,52.70000000,4.51700000,0.67100000,77.13000000,15.61000000,4.06500000,0.06961000,238.70000000,0.27470000,0.69700000,0.06175000,0.60920000,1751.53000000
2023-06-11 00:00:00,25925.55000000,137.90000000,52.20000000,4.52300000,0.67000000,77.68000000,15.55000000,4.06000000,0.07025000,235.40000000,0.27200000,0.68400000,0.06151000,0.63480000,1752.76000000
2023-06-12 00:00:00,25905.19000000,140.20000000,53.70000000,4.53500000,0.63500000,77.50000000,15.19000000,4.30000000,0.07115000,231.30000000,0.27480000,0.67500000,0.06143000,0.64320000,1742.57000000
2023-06-13 00:00:00,25934.25000000,136.50000000,55.10000000,4.62700000,0.65000000,77.50000000,15.04000000,4.28900000,0.07192000,244.20000000,0.27520000,0.67500000,0.06175000,0.64510000,1740.12000000
2023-06-14 00:00:00,25128.60000000,133.90000000,52.10000000,4.56900000,0.56900000,73.15000000,14.48000000,4.40500000,0.07100000,237.90000000,0.26330000,0.63700000,0.06038000,0.61930000,1650.95000000
2023-06-15 00:00:00,25598.49000000,134.30000000,50.10000000,4.37400000,0.60700000,74.60000000,14.77000000,4.42800000,0.07098000,236.40000000,0.26200000,0.64000000,0.06153000,0.59070000,1666.96000000
2023-06-16 00:00:00,26345.00000000,134.70000000,50.73000000,4.42200000,0.62200000,76.13000000,15.31000000,4.55300000,0.07053000,239.30000000,0.26320000,0.63000000,0.06219000,0.59030000,1717.92000000
2023-06-17 00:00:00,26516.99000000,136.50000000,51.06000000,4.53000000,0.62000000,76.86000000,15.64000000,4.53000000,0.07164000,244.50000000,0.26670000,0.63500000,0.06220000,0.61350000,1727.76000000
2023-06-18 00:00:00,26339.97000000,137.30000000,50.93000000,4.53600000,0.62300000,77.19000000,15.45000000,4.48200000,0.07016000,244.10000000,0.26100000,0.62600000,0.06212000,0.59710000,1720.95000000
2023-06-19 00:00:00,26844.35000000,138.30000000,51.96000000,4.53000000,0.63200000,77.48000000,16.10000000,4.48100000,0.06999000,243.10000000,0.26340000,0.62900000,0.06245000,0.61470000,1737.11000000
2023-06-20 00:00:00,28307.99000000,141.80000000,53.10000000,4.66200000,0.66300000,80.33000000,16.64000000,4.57200000,0.07057000,247.70000000,0.27050000,0.63900000,0.06313000,0.63140000,1791.99000000
2023-06-21 00:00:00,29993.89000000,145.00000000,55.02000000,4.82100000,0.68800000,85.05000000,17.23000000,4.77200000,0.07233000,248.80000000,0.28620000,0.68100000,0.06561000,0.66830000,1889.11000000
2023-06-22 00:00:00,29884.92000000,149.90000000,55.60000000,4.82500000,0.66900000,85.93000000,16.62000000,4.73200000,0.07226000,240.80000000,0.28990000,0.67900000,0.06555000,0.65580000,1872.01000000
2023-06-23 00:00:00,30688.50000000,154.60000000,57.10000000,5.09800000,0.69200000,91.26000000,17.13000000,4.86000000,0.07315000,244.30000000,0.29660000,0.73900000,0.06823000,0.67580000,1892.63000000
2023-06-24 00:00:00,30527.43000000,156.60000000,57.08000000,5.00800000,0.67000000,89.71000000,16.64000000,4.73400000,0.07220000,236.40000000,0.28920000,0.72500000,0.06669000,0.65410000,1874.96000000
2023-06-25 00:00:00,30462.66000000,163.40000000,68.76000000,5.19400000,0.70300000,88.20000000,16.96000000,5.43000000,0.07313000,238.80000000,0.29210000,0.72200000,0.06672000,0.66630000,1898.80000000
2023-06-26 00:00:00,30267.99000000,163.70000000,63.17000000,5.02400000,0.67900000,87.21000000,16.27000000,5.26700000,0.07383000,236.10000000,0.28050000,0.71700000,0.06474000,0.64560000,1858.97000000
2023-06-27 00:00:00,30692.44000000,167.60000000,64.97000000,5.09600000,0.69200000,88.07000000,16.63000000,5.27900000,0.07432000,237.50000000,0.28670000,0.72100000,0.06556000,0.66210000,1889.58000000
2023-06-28 00:00:00,30077.41000000,164.70000000,59.42000000,4.87900000,0.66000000,83.02000000,15.97000000,4.83400000,0.07375000,230.60000000,0.26690000,0.66600000,0.06257000,0.61310000,1828.02000000
2023-06-29 00:00:00,30447.31000000,163.90000000,62.99000000,4.98500000,0.70900000,84.73000000,17.99000000,4.92200000,0.07445000,233.10000000,0.27520000,0.67700000,0.06342000,0.62390000,1851.99000000
2023-06-30 00:00:00,30472.00000000,168.40000000,70.54000000,5.18000000,0.76100000,108.70000000,18.86000000,5.27200000,0.07620000,240.30000000,0.28690000,0.75200000,0.06646000,0.66140000,1933.79000000
2023-07-01 00:00:00,30585.90000000,167.00000000,68.14000000,5.35100000,0.77800000,107.10000000,18.70000000,5.58700000,0.07726000,247.90000000,0.29240000,0.78200000,0.06851000,0.67680000,1924.50000000
2023-07-02 00:00:00,30617.03000000,168.70000000,70.69000000,5.49600000,0.76400000,113.58000000,19.45000000,5.56800000,0.07603000,246.50000000,0.29160000,0.76400000,0.06801000,0.68190000,1937.48000000
2023-07-03 00:00:00,31156.20000000,169.00000000,72.95000000,5.43100000,0.78400000,107.27000000,19.26000000,5.52300000,0.07731000,246.50000000,0.29670000,0.76900000,0.06845000,0.71480000,1955.54000000
2023-07-04 00:00:00,30766.51000000,165.90000000,77.08000000,5.34800000,0.80600000,104.27000000,19.13000000,5.50700000,0.07703000,242.50000000,0.29240000,0.74300000,0.06890000,0.69580000,1936.20000000
2023-07-05 00:00:00,30504.81000000,166.80000000,74.60000000,5.20800000,0.78100000,102.60000000,19.00000000,5.40800000,0.07707000,238.90000000,0.28390000,0.72300000,0.06701000,0.67060000,1910.36000000
2023-07-06 00:00:00,29895.43000000,165.60000000,70.25000000,5.01400000,0.72500000,95.25000000,19.61000000,5.26500000,0.07711000,232.20000000,0.27840000,0.70200000,0.06485000,0.66040000,1846.17000000
2023-07-07 00:00:00,30344.70000000,165.50000000,74.76000000,5.11900000,0.78800000,98.23000000,21.50000000,5.47800000,0.07882000,235.60000000,0.28440000,0.73200000,0.06540000,0.67650000,1870.91000000
2023-07-08 00:00:00,30284.63000000,167.40000000,73.60000000,5.12800000,0.78000000,97.79000000,21.81000000,5.25100000,0.08007000,236.30000000,0.29070000,0.72500000,0.06573000,0.67970000,1865.24000000
2023-07-09 00:00:00,30160.71000000,165.90000000,71.84000000,5.08100000,0.79800000,95.08000000,21.32000000,5.23100000,0.07748000,234.10000000,0.28440000,0.72500000,0.06536000,0.68840000,1862.80000000
2023-07-10 00:00:00,30411.57000000,163.60000000,69.32000000,5.13100000,0.80600000,96.72000000,21.30000000,5.23800000,0.07754000,246.20000000,0.28780000,0.72600000,0.06523000,0.73510000,1880.40000000
2023-07-11 00:00:00,30622.10000000,165.30000000,73.31000000,5.21400000,0.79300000,96.77000000,22.07000000,5.26500000,0.07734000,248.60000000,0.29270000,0.73100000,0.06528000,0.74270000,1878.30000000
2023-07-12 00:00:00,30380.00000000,163.50000000,75.60000000,5.14700000,0.78600000,96.21000000,21.94000000,5.27600000,0.07784000,243.90000000,0.28900000,0.71900000,0.06503000,0.72340000,1871.82000000
2023-07-13 00:00:00,31454.23000000,165.20000000,79.18000000,5.54500000,0.84300000,101.85000000,26.01000000,5.87300000,0.08171000,256.10000000,0.35670000,0.80200000,0.07042000,0.85020000,2004.49000000
2023-07-14 00:00:00,30312.01000000,160.70000000,81.12000000,5.45100000,0.82100000,95.13000000,26.67000000,5.87200000,0.07988000,248.10000000,0.32770000,0.77200000,0.06849000,0.80770000,1937.83000000
2023-07-15 00:00:00,30289.52000000,164.70000000,79.04000000,5.43200000,0.82100000,94.78000000,27.46000000,5.81400000,0.08082000,251.10000000,0.32600000,0.77200000,0.07197000,0.79970000,1931.41000000
2023-07-16 00:00:00,30231.99000000,165.50000000,76.83000000,5.31100000,0.80700000,92.89000000,27.42000000,5.72400000,0.07980000,242.30000000,0.31460000,0.75600000,0.06952000,0.76760000,1922.11000000
2023-07-17 00:00:00,30138.00000000,168.10000000,75.15000000,5.30400000,0.81000000,92.20000000,26.80000000,5.91500000,0.07997000,244.10000000,0.31180000,0.77400000,0.06982000,0.77750000,1911.20000000
2023-07-18 00:00:00,29859.13000000,166.90000000,72.06000000,5.18100000,0.78400000,91.56000000,25.54000000,5.91200000,0.07978000,240.20000000,0.30950000,0.75600000,0.06866000,0.73830000,1897.21000000
2023-07-19 00:00:00,29909.21000000,165.80000000,71.71000000,5.19300000,0.77700000,91.99000000,26.31000000,5.87300000,0.08031000,240.80000000,0.32260000,0.75800000,0.07003000,0.74360000,1888.63000000
2023-07-20 00:00:00,29800.00000000,165.80000000,72.52000000,5.35500000,0.78700000,92.37000000,25.38000000,6.01500000,0.08073000,242.80000000,0.31610000,0.76500000,0.07062000,0.76800000,1891.59000000
2023-07-21 00:00:00,29901.72000000,161.90000000,74.36000000,5.48500000,0.77000000,94.09000000,25.50000000,6.20500000,0.08043000,243.70000000,0.31270000,0.78400000,0.07322000,0.76930000,1891.73000000
2023-07-22 00:00:00,29794.00000000,162.30000000,71.74000000,5.31400000,0.75200000,92.09000000,24.52000000,5.99200000,0.08390000,241.10000000,0.31000000,0.77500000,0.07047000,0.74610000,1866.52000000
2023-07-23 00:00:00,30083.75000000,163.80000000,72.28000000,5.39100000,0.75800000,93.16000000,24.76000000,6.14000000,0.08337000,242.50000000,0.31710000,0.78000000,0.07180000,0.75700000,1888.73000000
2023-07-24 00:00:00,29176.50000000,161.10000000,70.28000000,5.20900000,0.72900000,89.14000000,23.37000000,5.78000000,0.08148000,238.90000000,0.30530000,0.74500000,0.07420000,0.72800000,1850.00000000
2023-07-25 00:00:00,29228.91000000,162.90000000,70.09000000,5.17500000,0.72600000,89.45000000,23.27000000,5.79200000,0.08190000,237.70000000,0.30370000,0.74200000,0.08185000,0.70800000,1857.66000000
2023-07-26 00:00:00,29351.96000000,163.00000000,72.00000000,5.23500000,0.73000000,90.64000000,25.17000000,5.84300000,0.08242000,239.00000000,0.30690000,0.74300000,0.07793000,0.72230000,1872.00000000
2023-07-27 00:00:00,29222.78000000,162.10000000,72.48000000,5.23900000,0.73000000,90.60000000,25.10000000,5.87400000,0.08265000,240.60000000,0.30770000,0.74300000,0.07761000,0.71710000,1861.28000000
2023-07-28 00:00:00,29314.14000000,163.00000000,72.80000000,5.21900000,0.72900000,91.44000000,24.82000000,6.01100000,0.08506000,241.90000000,0.30990000,0.74900000,0.07717000,0.70910000,1874.19000000
2023-07-29 00:00:00,29352.90000000,163.10000000,74.37000000,5.24800000,0.73700000,94.32000000,25.17000000,6.32300000,0.08322000,242.40000000,0.31300000,0.75600000,0.08023000,0.71850000,1880.46000000
2023-07-30 00:00:00,29281.09000000,160.30000000,70.86000000,5.18400000,0.63200000,94.03000000,24.25000000,6.41800000,0.07999000,242.50000000,0.31560000,0.75300000,0.07802000,0.69740000,1861.79000000
2023-07-31 00:00:00,29232.25000000,161.20000000,65.37000000,5.10900000,0.56700000,92.28000000,23.73000000,6.52800000,0.07792000,241.00000000,0.30700000,0.74500000,0.07786000,0.68770000,1856.14000000
2023-08-01 00:00:00,29705.99000000,160.30000000,65.60000000,5.20800000,0.61500000,93.94000000,24.05000000,6.68600000,0.07866000,247.70000000,0.31030000,0.74900000,0.07815000,0.70210000,1873.47000000
2023-08-02 00:00:00,29186.01000000,160.10000000,64.46000000,5.06100000,0.58300000,87.54000000,23.15000000,6.15800000,0.07632000,240.70000000,0.29930000,0.73000000,0.07422000,0.68040000,1839.90000000
2023-08-03 00:00:00,29193.64000000,160.40000000,62.99000000,4.97900000,0.58100000,82.55000000,22.65000000,6.09800000,0.07714000,241.10000000,0.29220000,0.71700000,0.07358000,0.66770000,1835.81000000
2023-08-04 00:00:00,29113.99000000,158.60000000,64.20000000,4.99300000,0.61200000,82.20000000,22.80000000,6.07000000,0.07679000,241.70000000,0.29350000,0.71900000,0.07347000,0.66430000,1830.23000000
2023-08-05 00:00:00,29072.13000000,159.70000000,64.49000000,4.97400000,0.62100000,83.12000000,22.65000000,6.09100000,0.07754000,243.20000000,0.29380000,0.72800000,0.07571000,0.66740000,1836.48000000
2023-08-06 00:00:00,29088.42000000,159.80000000,65.94000000,5.00500000,0.61100000,82.57000000,23.20000000,5.95400000,0.07699000,243.20000000,0.29230000,0.73000000,0.07427000,0.66730000,1830.28000000
2023-08-07 00:00:00,29211.06000000,158.40000000,64.94000000,4.97100000,0.61400000,82.49000000,23.12000000,5.87600000,0.07685000,242.10000000,0.29100000,0.72100000,0.07354000,0.66650000,1829.10000000
2023-08-08 00:00:00,29770.42000000,158.90000000,66.27000000,5.05900000,0.60100000,83.86000000,24.22000000,6.08100000,0.07677000,245.20000000,0.29740000,0.72500000,0.07496000,0.68540000,1856.30000000
2023-08-09 00:00:00,29581.99000000,157.30000000,67.34000000,5.05900000,0.61400000,84.08000000,24.38000000,6.24900000,0.07674000,243.80000000,0.30130000,0.72200000,0.07541000,0.69020000,1855.35000000
2023-08-10 00:00:00,29455.75000000,156.10000000,67.09000000,5.00600000,0.60900000,83.14000000,24.62000000,6.19100000,0.07734000,241.50000000,0.29650000,0.71700000,0.07588000,0.68540000,1852.47000000
2023-08-11 00:00:00,29426.03000000,156.90000000,65.96000000,5.00700000,0.59600000,83.58000000,24.62000000,6.20100000,0.07723000,239.70000000,0.29330000,0.71500000,0.07574000,0.68110000,1848.84000000
2023-08-12 00:00:00,29430.17000000,158.00000000,66.20000000,5.04000000,0.58500000,83.47000000,24.91000000,6.22400000,0.07751000,240.30000000,0.29190000,0.72800000,0.07670000,0.68220000,1849.93000000
2023-08-13 00:00:00,29303.84000000,158.20000000,65.65000000,4.98700000,0.57700000,81.92000000,24.23000000,6.08600000,0.07711000,240.20000000,0.28940000,0.72000000,0.07479000,0.67730000,1840.73000000
2023-08-14 00:00:00,29430.93000000,158.60000000,65.56000000,4.98900000,0.58100000,82.11000000,25.18000000,6.26100000,0.07748000,240.40000000,0.29060000,0.71900000,0.07469000,0.67960000,1845.50000000
2023-08-15 00:00:00,29200.00000000,155.40000000,63.52000000,4.81800000,0.55500000,79.26000000,23.90000000,5.95300000,0.07634000,236.70000000,0.28200000,0.67900000,0.07093000,0.63890000,1828.98000000
2023-08-16 00:00:00,28730.51000000,154.00000000,60.38000000,4.67200000,0.54100000,74.56000000,22.82000000,5.45900000,0.07465000,232.00000000,0.27470000,0.63200000,0.06717000,0.62380000,1807.81000000
2023-08-17 00:00:00,26623.41000000,141.60000000,55.43000000,4.42900000,0.49440000,64.77000000,21.66000000,4.98900000,0.07265000,218.10000000,0.25530000,0.57000000,0.06102000,0.57180000,1681.49000000
2023-08-18 00:00:00,26054.00000000,143.50000000,55.84000000,4.51000000,0.49500000,63.98000000,21.34000000,4.90700000,0.07297000,216.10000000,0.26400000,0.57400000,0.06326000,0.57760000,1661.59000000
2023-08-19 00:00:00,26100.01000000,144.40000000,56.59000000,4.51700000,0.50310000,64.18000000,21.90000000,4.90900000,0.07408000,216.80000000,0.26880000,0.58300000,0.06379000,0.57700000,1669.67000000
2023-08-20 00:00:00,26189.99000000,147.30000000,57.12000000,4.51900000,0.49890000,65.25000000,21.77000000,4.90300000,0.07591000,216.50000000,0.27030000,0.58500000,0.06384000,0.58010000,1685.24000000
2023-08-21 00:00:00,26126.92000000,149.60000000,55.55000000,4.42700000,0.47820000,67.00000000,21.20000000,4.76500000,0.07510000,210.40000000,0.26280000,0.58100000,0.06252000,0.55710000,1667.55000000
2023-08-22 00:00:00,26056.00000000,145.50000000,54.94000000,4.42300000,0.47520000,64.83000000,20.59000000,4.67000000,0.07548000,210.90000000,0.25880000,0.57600000,0.06259000,0.54890000,1634.99000000
2023-08-23 00:00:00,26432.72000000,143.00000000,57.18000000,4.48900000,0.46800000,65.64000000,21.74000000,4.76500000,0.07760000,216.60000000,0.26810000,0.59300000,0.06379000,0.55710000,1679.61000000
2023-08-24 00:00:00,26180.05000000,138.60000000,57.49000000,4.42400000,0.45440000,64.88000000,21.06000000,4.65900000,0.07664000,219.00000000,0.26590000,0.58600000,0.06308000,0.54710000,1661.16000000
2023-08-25 00:00:00,26060.01000000,140.10000000,56.96000000,4.49000000,0.45510000,65.13000000,20.42000000,4.55100000,0.07724000,218.40000000,0.26120000,0.58800000,0.06312000,0.54630000,1653.80000000
2023-08-26 00:00:00,26017.37000000,143.00000000,56.69000000,4.50700000,0.45260000,65.01000000,20.29000000,4.60100000,0.07745000,216.50000000,0.26100000,0.58400000,0.06289000,0.54840000,1647.04000000
2023-08-27 00:00:00,26101.77000000,145.40000000,58.35000000,4.48900000,0.46020000,65.39000000,20.79000000,4.68500000,0.07755000,218.40000000,0.26340000,0.59300000,0.06318000,0.55590000,1658.33000000
2023-08-28 00:00:00,26120.00000000,145.20000000,58.27000000,4.61000000,0.48670000,65.52000000,20.56000000,4.67200000,0.07634000,218.80000000,0.26760000,0.59100000,0.06345000,0.56220000,1653.08000000
2023-08-29 00:00:00,27716.34000000,146.70000000,59.58000000,4.67800000,0.48360000,68.86000000,21.79000000,4.79900000,0.07732000,226.90000000,0.27260000,0.62100000,0.06640000,0.59360000,1729.42000000
2023-08-30 00:00:00,27299.99000000,142.10000000,57.77000000,4.53400000,0.47370000,67.65000000,20.82000000,4.64000000,0.07562000,223.80000000,0.26540000,0.62800000,0.06588000,0.57500000,1705.23000000
2023-08-31 00:00:00,25940.78000000,143.10000000,55.56000000,4.27100000,0.45280000,63.89000000,19.74000000,4.37200000,0.07673000,216.70000000,0.25540000,0.58700000,0.06376000,0.54960000,1645.76000000
2023-09-01 00:00:00,25805.05000000,140.80000000,54.53000000,4.21800000,0.43840000,62.98000000,19.33000000,4.26200000,0.07608000,213.70000000,0.25510000,0.58100000,0.06388000,0.54050000,1629.12000000
2023-09-02 00:00:00,25869.51000000,140.10000000,55.22000000,4.26100000,0.43750000,64.59000000,19.50000000,4.40000000,0.07702000,214.40000000,0.25620000,0.57700000,0.06348000,0.54090000,1637.03000000
2023-09-03 00:00:00,25971.21000000,140.60000000,54.80000000,4.25900000,0.43440000,63.93000000,19.57000000,4.41100000,0.07703000,214.40000000,0.25590000,0.58000000,0.06317000,0.54220000,1635.84000000
2023-09-04 00:00:00,25826.02000000,141.10000000,54.70000000,4.26000000,0.43680000,63.75000000,19.52000000,4.44300000,0.07751000,215.20000000,0.25610000,0.58300000,0.06326000,0.55450000,1630.51000000
2023-09-05 00:00:00,25792.10000000,137.70000000,55.54000000,4.25700000,0.44400000,63.15000000,20.26000000,4.38000000,0.07746000,214.60000000,0.25780000,0.59100000,0.06402000,0.55850000,1634.45000000
2023-09-06 00:00:00,25759.95000000,142.20000000,55.13000000,4.27200000,0.45100000,62.87000000,19.64000000,4.46100000,0.07893000,215.20000000,0.25770000,0.58100000,0.06365000,0.55860000,1633.15000000
2023-09-07 00:00:00,26255.00000000,143.30000000,56.33000000,4.29400000,0.44700000,63.71000000,19.92000000,4.47700000,0.07917000,217.10000000,0.25790000,0.58700000,0.06365000,0.55530000,1648.11000000
2023-09-08 00:00:00,25910.50000000,143.90000000,56.50000000,4.25300000,0.44130000,62.61000000,19.61000000,4.36600000,0.07915000,214.70000000,0.25440000,0.58500000,0.06371000,0.54390000,1636.44000000
2023-09-09 00:00:00,25901.61000000,143.40000000,56.21000000,4.23600000,0.44310000,63.06000000,19.44000000,4.32100000,0.07917000,214.10000000,0.25330000,0.58400000,0.06339000,0.53950000,1635.54000000
2023-09-10 00:00:00,25841.61000000,142.90000000,54.03000000,4.14900000,0.42720000,61.11000000,18.24000000,4.22000000,0.07830000,212.40000000,0.24900000,0.56400000,0.06130000,0.52330000,1617.42000000
2023-09-11 00:00:00,25162.52000000,139.90000000,52.12000000,3.98900000,0.40810000,58.85000000,17.72000000,4.11200000,0.07755000,206.10000000,0.24210000,0.54100000,0.06049000,0.50350000,1551.85000000
2023-09-12 00:00:00,25840.10000000,140.80000000,53.04000000,3.98600000,0.40160000,59.96000000,17.92000000,4.19600000,0.08075000,210.70000000,0.24550000,0.54700000,0.06090000,0.50650000,1592.97000000
2023-09-13 00:00:00,26222.00000000,143.00000000,53.59000000,3.99800000,0.41730000,61.98000000,18.40000000,4.25500000,0.08123000,212.50000000,0.24870000,0.55500000,0.06126000,0.51340000,1607.62000000
2023-09-14 00:00:00,26522.73000000,146.50000000,54.37000000,4.05800000,0.41960000,62.83000000,18.85000000,4.27000000,0.08377000,212.20000000,0.25130000,0.56700000,0.06208000,0.52230000,1626.47000000
2023-09-15 00:00:00,26600.00000000,147.80000000,55.85000000,4.13900000,0.43570000,65.89000000,19.14000000,4.35100000,0.08405000,214.10000000,0.25050000,0.57400000,0.06250000,0.53000000,1641.29000000
2023-09-16 00:00:00,26559.67000000,144.30000000,59.17000000,4.18500000,0.43790000,65.38000000,19.12000000,4.33600000,0.08352000,214.90000000,0.25030000,0.57700000,0.06214000,0.52850000,1634.40000000
2023-09-17 00:00:00,26527.51000000,145.80000000,59.34000000,4.07000000,0.43160000,63.55000000,18.81000000,4.28200000,0.08334000,216.50000000,0.24710000,0.55800000,0.06147000,0.51720000,1622.48000000
2023-09-18 00:00:00,26762.51000000,145.70000000,60.56000000,4.10600000,0.42500000,65.89000000,19.64000000,4.36300000,0.08388000,216.00000000,0.25160000,0.57300000,0.06198000,0.52630000,1636.66000000
2023-09-19 00:00:00,27210.26000000,147.60000000,61.83000000,4.15200000,0.44400000,67.28000000,20.03000000,4.40700000,0.08455000,217.20000000,0.25480000,0.58400000,0.06268000,0.54480000,1643.12000000
2023-09-20 00:00:00,27125.00000000,148.20000000,65.50000000,4.13800000,0.44190000,64.55000000,20.29000000,4.36300000,0.08444000,214.40000000,0.25170000,0.57900000,0.06262000,0.54090000,1622.26000000
2023-09-21 00:00:00,26568.08000000,145.10000000,62.50000000,4.01200000,0.44430000,64.69000000,19.46000000,4.24300000,0.08301000,210.80000000,0.24490000,0.57600000,0.06131000,0.51960000,1583.94000000
2023-09-22 00:00:00,26580.14000000,145.00000000,64.40000000,4.01900000,0.49090000,64.37000000,19.43000000,4.26100000,0.08334000,211.10000000,0.24490000,0.57600000,0.06152000,0.52110000,1593.08000000
2023-09-23 00:00:00,26575.96000000,141.70000000,62.97000000,4.03300000,0.47420000,65.07000000,19.49000000,4.28000000,0.08362000,210.50000000,0.24610000,0.58200000,0.06152000,0.52070000,1593.86000000
2023-09-24 00:00:00,26248.38000000,143.80000000,61.74000000,3.99300000,0.51470000,63.58000000,19.36000000,4.23500000,0.08360000,208.30000000,0.24270000,0.57100000,0.06069000,0.51360000,1580.71000000
2023-09-25 00:00:00,26304.81000000,144.50000000,62.23000000,4.06800000,0.52140000,64.33000000,19.39000000,4.27100000,0.08466000,209.90000000,0.24590000,0.56900000,0.06094000,0.51960000,1588.33000000
2023-09-26 00:00:00,26221.67000000,144.80000000,61.12000000,4.01300000,0.52360000,63.80000000,19.03000000,4.26000000,0.08471000,212.60000000,0.24550000,0.56200000,0.06062000,0.50990000,1594.01000000
2023-09-27 00:00:00,26372.99000000,146.60000000,60.70000000,3.99300000,0.51710000,63.53000000,19.14000000,4.25000000,0.08550000,212.00000000,0.24460000,0.56100000,0.06053000,0.50370000,1598.64000000
2023-09-28 00:00:00,27021.39000000,146.00000000,65.69000000,4.07300000,0.51640000,65.21000000,19.96000000,4.41900000,0.08675000,215.00000000,0.24890000,0.57100000,0.06150000,0.51970000,1652.99000000
2023-09-29 00:00:00,26906.96000000,146.80000000,66.06000000,4.07400000,0.52220000,65.55000000,20.28000000,4.40200000,0.08912000,215.20000000,0.24940000,0.57800000,0.06213000,0.52580000,1667.45000000
2023-09-30 00:00:00,26962.56000000,146.60000000,67.56000000,4.10300000,0.51950000,65.97000000,21.37000000,4.45600000,0.08860000,214.60000000,0.25400000,0.58200000,0.06207000,0.53270000,1670.89000000
2023-10-01 00:00:00,27992.57000000,149.10000000,72.21000000,4.26300000,0.53810000,68.19000000,23.87000000,4.65300000,0.09011000,218.20000000,0.26590000,0.60400000,0.06319000,0.56910000,1733.79000000
2023-10-02 00:00:00,27494.51000000,146.00000000,69.15000000,4.12000000,0.49910000,65.97000000,23.37000000,4.45700000,0.08744000,214.60000000,0.25910000,0.58700000,0.06200000,0.54720000,1662.40000000
2023-10-03 00:00:00,27426.46000000,147.20000000,65.07000000,4.07700000,0.48750000,65.50000000,23.60000000,4.36200000,0.09071000,213.50000000,0.26100000,0.58500000,0.06137000,0.56660000,1656.88000000
2023-10-04 00:00:00,27778.57000000,150.40000000,66.67000000,4.04200000,0.48220000,64.40000000,23.13000000,4.30700000,0.08891000,213.40000000,0.25890000,0.57700000,0.06147000,0.56220000,1646.58000000
2023-10-05 00:00:00,27410.39000000,149.60000000,66.91000000,4.02400000,0.46710000,64.80000000,22.70000000,4.30600000,0.08824000,210.60000000,0.26020000,0.56400000,0.06086000,0.54490000,1611.79000000
2023-10-06 00:00:00,27931.09000000,151.80000000,68.88000000,4.06800000,0.47320000,65.50000000,23.41000000,4.39500000,0.08719000,213.40000000,0.26460000,0.57000000,0.06137000,0.56360000,1645.03000000
2023-10-07 00:00:00,27956.67000000,155.40000000,66.74000000,4.05100000,0.47200000,65.45000000,23.30000000,4.37400000,0.08808000,212.30000000,0.25870000,0.56900000,0.06143000,0.56380000,1633.57000000
2023-10-08 00:00:00,27917.05000000,156.30000000,66.04000000,4.01200000,0.47390000,65.34000000,23.22000000,4.33700000,0.08802000,211.40000000,0.25630000,0.56600000,0.06096000,0.56070000,1632.84000000
2023-10-09 00:00:00,27590.12000000,153.70000000,63.30000000,3.88100000,0.44910000,63.07000000,22.10000000,4.14400000,0.08613000,205.80000000,0.25130000,0.54100000,0.05873000,0.52930000,1580.13000000
2023-10-10 00:00:00,27390.12000000,152.20000000,64.08000000,3.81100000,0.43500000,63.61000000,22.11000000,4.12000000,0.08622000,208.60000000,0.24900000,0.54200000,0.05913000,0.51760000,1567.63000000
2023-10-11 00:00:00,26875.52000000,154.00000000,63.29000000,3.74000000,0.43420000,61.55000000,22.01000000,4.12900000,0.08603000,206.60000000,0.24810000,0.53900000,0.05851000,0.51450000,1566.87000000
2023-10-12 00:00:00,26759.63000000,152.50000000,62.96000000,3.67600000,0.42410000,61.12000000,21.28000000,4.00200000,0.08481000,205.10000000,0.24600000,0.53700000,0.05788000,0.50780000,1539.61000000
2023-10-13 00:00:00,26862.00000000,153.60000000,63.69000000,3.72100000,0.44150000,61.58000000,21.84000000,4.03100000,0.08549000,206.10000000,0.24580000,0.54400000,0.05839000,0.51480000,1552.16000000
2023-10-14 00:00:00,26852.48000000,152.80000000,64.27000000,3.73500000,0.43710000,61.62000000,22.00000000,4.08400000,0.08501000,206.50000000,0.24700000,0.54200000,0.05984000,0.51740000,1554.94000000
2023-10-15 00:00:00,27154.15000000,152.30000000,63.96000000,3.75300000,0.44010000,61.63000000,21.93000000,4.10200000,0.08667000,209.70000000,0.24730000,0.54800000,0.05931000,0.51530000,1557.77000000
2023-10-16 00:00:00,28500.78000000,152.40000000,64.79000000,3.77600000,0.44720000,63.19000000,23.95000000,4.11900000,0.08885000,214.60000000,0.25130000,0.55800000,0.06000000,0.53350000,1599.42000000
2023-10-17 00:00:00,28395.91000000,150.50000000,62.60000000,3.67000000,0.43320000,62.07000000,23.93000000,3.88800000,0.08854000,211.40000000,0.24630000,0.54200000,0.05904000,0.51930000,1565.01000000
2023-10-18 00:00:00,28320.00000000,149.70000000,62.03000000,3.65400000,0.42430000,60.23000000,23.42000000,3.93100000,0.08915000,210.20000000,0.24300000,0.53500000,0.05858000,0.51060000,1563.44000000
2023-10-19 00:00:00,28713.71000000,152.50000000,63.91000000,3.64900000,0.41410000,61.78000000,24.93000000,3.92900000,0.08999000,211.20000000,0.24690000,0.53500000,0.05887000,0.51720000,1566.57000000
2023-10-20 00:00:00,29669.04000000,154.80000000,65.90000000,3.71800000,0.42050000,63.38000000,27.03000000,3.99800000,0.09074000,212.10000000,0.25120000,0.54700000,0.05990000,0.53560000,1603.89000000
2023-10-21 00:00:00,29909.80000000,157.80000000,70.06000000,3.90900000,0.43970000,64.75000000,29.32000000,4.14100000,0.09160000,214.20000000,0.25860000,0.56000000,0.06119000,0.57260000,1628.94000000
2023-10-22 00:00:00,29992.46000000,159.00000000,79.27000000,3.96700000,0.45100000,65.26000000,29.05000000,4.21300000,0.09031000,217.80000000,0.26390000,0.56200000,0.06170000,0.60930000,1663.70000000
2023-10-23 00:00:00,33069.99000000,160.90000000,84.88000000,4.35700000,0.47180000,69.02000000,31.88000000,4.37800000,0.09219000,228.50000000,0.28070000,0.59200000,0.06742000,0.63690000,1765.46000000
2023-10-24 00:00:00,33922.73000000,158.00000000,83.51000000,4.19000000,0.47910000,69.15000000,30.17000000,4.22000000,0.09236000,225.20000000,0.27920000,0.59300000,0.06660000,0.62450000,1784.98000000
2023-10-25 00:00:00,34496.05000000,160.10000000,86.09000000,4.29100000,0.47850000,68.71000000,32.44000000,4.16700000,0.09351000,222.10000000,0.28080000,0.59500000,0.06832000,0.63050000,1787.15000000
2023-10-26 00:00:00,34151.66000000,159.60000000,80.73000000,4.23400000,0.47740000,68.76000000,32.77000000,4.11100000,0.09285000,223.20000000,0.28720000,0.59800000,0.07185000,0.63210000,1803.38000000
2023-10-27 00:00:00,33892.02000000,160.70000000,78.33000000,4.13500000,0.46560000,66.99000000,31.73000000,4.02400000,0.09353000,224.10000000,0.28930000,0.60200000,0.06776000,0.60860000,1779.40000000
2023-10-28 00:00:00,34081.00000000,161.90000000,80.02000000,4.18100000,0.48070000,67.73000000,31.63000000,4.08400000,0.09433000,225.70000000,0.29090000,0.62900000,0.06900000,0.62010000,1776.20000000
2023-10-29 00:00:00,34525.89000000,174.10000000,84.49000000,4.31500000,0.49300000,68.79000000,32.83000000,4.15300000,0.09489000,227.10000000,0.29540000,0.62800000,0.06935000,0.63870000,1795.14000000
2023-10-30 00:00:00,34474.73000000,172.70000000,83.68000000,4.52500000,0.48810000,69.21000000,34.94000000,4.17900000,0.09558000,228.00000000,0.30310000,0.62700000,0.06959000,0.64970000,1809.04000000
2023-10-31 00:00:00,34639.77000000,172.20000000,81.44000000,4.44900000,0.47940000,68.89000000,38.40000000,4.14800000,0.09715000,226.20000000,0.29300000,0.63800000,0.06827000,0.63620000,1814.67000000
2023-11-01 00:00:00,35421.43000000,171.50000000,89.16000000,4.72700000,0.52100000,69.97000000,41.15000000,4.79500000,0.10014000,227.90000000,0.30710000,0.65600000,0.06894000,0.66970000,1846.99000000
2023-11-02 00:00:00,34941.59000000,171.00000000,91.97000000,4.62900000,0.50960000,69.43000000,40.23000000,4.69300000,0.09922000,231.90000000,0.32300000,0.64900000,0.06790000,0.66010000,1800.80000000
2023-11-03 00:00:00,34716.78000000,170.70000000,90.12000000,4.61000000,0.53300000,69.45000000,39.45000000,4.65300000,0.09722000,230.20000000,0.32920000,0.64800000,0.06807000,0.67180000,1832.71000000
2023-11-04 00:00:00,35062.07000000,168.10000000,90.06000000,4.68100000,0.55350000,70.41000000,42.41000000,4.71100000,0.09765000,237.10000000,0.32780000,0.65900000,0.06908000,0.67700000,1855.54000000
2023-11-05 00:00:00,35011.88000000,169.20000000,89.09000000,4.76200000,0.56500000,71.60000000,41.15000000,4.77200000,0.09808000,244.00000000,0.34190000,0.67700000,0.07108000,0.69180000,1891.71000000
2023-11-06 00:00:00,35046.09000000,165.20000000,100.22000000,4.96700000,0.57440000,74.46000000,42.16000000,5.10900000,0.09765000,255.10000000,0.36240000,0.69900000,0.07637000,0.73620000,1900.95000000
2023-11-07 00:00:00,35399.12000000,166.10000000,97.46000000,4.92700000,0.55750000,73.41000000,42.93000000,4.92800000,0.09658000,246.20000000,0.35120000,0.68800000,0.07338000,0.74030000,1885.27000000
2023-11-08 00:00:00,35624.72000000,167.30000000,100.30000000,5.03300000,0.56920000,73.07000000,43.13000000,5.17900000,0.09833000,246.70000000,0.35770000,0.70200000,0.07534000,0.78740000,1888.12000000
2023-11-09 00:00:00,36701.09000000,170.30000000,100.81000000,5.09000000,0.55040000,73.83000000,45.29000000,5.12300000,0.09889000,251.60000000,0.36840000,0.68100000,0.07357000,0.85460000,2121.32000000
2023-11-10 00:00:00,37301.63000000,170.80000000,100.26000000,5.30000000,0.60300000,73.28000000,56.67000000,5.28000000,0.10622000,251.00000000,0.38590000,0.70900000,0.07539000,0.84270000,2077.72000000
2023-11-11 00:00:00,37130.00000000,169.30000000,96.98000000,5.55700000,0.62350000,75.26000000,56.34000000,5.39300000,0.10800000,251.50000000,0.38440000,0.72600000,0.07849000,0.80330000,2053.17000000
2023-11-12 00:00:00,37064.13000000,171.20000000,99.86000000,5.70900000,0.63050000,74.88000000,56.28000000,5.41700000,0.10851000,247.40000000,0.38340000,0.73300000,0.07795000,0.89710000,2044.68000000
2023-11-13 00:00:00,36462.93000000,162.60000000,92.95000000,5.34800000,0.57550000,71.10000000,51.60000000,5.22200000,0.10688000,241.10000000,0.35680000,0.72000000,0.07456000,0.88210000,2053.65000000
2023-11-14 00:00:00,35551.19000000,163.30000000,90.79000000,5.19700000,0.57260000,70.61000000,56.81000000,5.06100000,0.10222000,242.30000000,0.35790000,0.69500000,0.07244000,0.91760000,1979.39000000
2023-11-15 00:00:00,37858.20000000,161.10000000,95.50000000,5.56400000,0.61130000,74.03000000,65.43000000,5.38200000,0.10406000,253.70000000,0.37880000,0.73100000,0.07623000,0.91910000,2058.48000000
2023-11-16 00:00:00,36163.51000000,160.80000000,91.06000000,5.35200000,0.57160000,70.97000000,57.80000000,5.19600000,0.10233000,242.70000000,0.37060000,0.70500000,0.07947000,0.84500000,1961.77000000
2023-11-17 00:00:00,36613.92000000,162.90000000,88.74000000,5.24400000,0.56900000,70.29000000,58.51000000,5.10800000,0.10371000,244.90000000,0.36710000,0.71300000,0.08641000,0.83050000,1960.82000000
2023-11-18 00:00:00,36568.10000000,160.80000000,88.11000000,5.28900000,0.56230000,69.86000000,58.56000000,5.06400000,0.10290000,244.80000000,0.37720000,0.71000000,0.08028000,0.83190000,1962.60000000
2023-11-19 00:00:00,37359.86000000,163.90000000,91.52000000,5.43400000,0.57460000,70.54000000,61.10000000,5.23400000,0.10349000,246.40000000,0.38400000,0.72100000,0.08046000,0.85220000,2011.47000000
2023-11-20 00:00:00,37448.78000000,163.00000000,90.24000000,5.30200000,0.56770000,69.51000000,56.57000000,5.18700000,0.10096000,253.10000000,0.38040000,0.70600000,0.07768000,0.81030000,2021.40000000
2023-11-21 00:00:00,35741.65000000,158.80000000,84.49000000,4.85800000,0.52010000,66.15000000,51.65000000,4.85000000,0.09612000,225.50000000,0.35660000,0.64700000,0.07176000,0.72800000,1933.01000000
2023-11-22 00:00:00,37408.34000000,163.10000000,95.41000000,5.17400000,0.58420000,68.70000000,57.56000000,6.10900000,0.10115000,236.10000000,0.38050000,0.67700000,0.07575000,0.77260000,2063.21000000
2023-11-23 00:00:00,37294.28000000,165.80000000,96.01000000,5.13900000,0.57770000,69.51000000,56.51000000,6.33100000,0.10208000,233.80000000,0.38730000,0.67500000,0.07620000,0.77210000,2062.20000000
2023-11-24 00:00:00,37713.57000000,170.40000000,99.17000000,5.24200000,0.58950000,70.73000000,56.86000000,6.16700000,0.10455000,232.70000000,0.38620000,0.68400000,0.07818000,0.75950000,2080.84000000
2023-11-25 00:00:00,37780.67000000,172.00000000,99.57000000,5.32800000,0.59800000,71.87000000,58.82000000,6.16700000,0.10895000,234.40000000,0.39410000,0.70100000,0.07894000,0.77930000,2083.09000000
2023-11-26 00:00:00,37447.43000000,169.40000000,97.91000000,5.32900000,0.58030000,70.03000000,57.57000000,6.18000000,0.10778000,231.70000000,0.38730000,0.69900000,0.07868000,0.76220000,2062.33000000
2023-11-27 00:00:00,37242.70000000,165.50000000,96.20000000,5.15600000,0.55860000,69.22000000,55.06000000,6.29400000,0.10193000,227.20000000,0.37770000,0.67500000,0.07884000,0.74260000,2027.50000000
2023-11-28 00:00:00,37818.87000000,167.60000000,96.92000000,5.27500000,0.56190000,69.77000000,58.18000000,6.16700000,0.10295000,229.60000000,0.38580000,0.67800000,0.08083000,0.74860000,2048.14000000
2023-11-29 00:00:00,37854.64000000,165.90000000,96.50000000,5.16100000,0.54970000,70.00000000,59.31000000,6.00800000,0.10343000,227.30000000,0.38160000,0.67900000,0.08047000,0.75750000,2028.81000000
2023-11-30 00:00:00,37723.96000000,169.90000000,98.26000000,5.47300000,0.55830000,69.42000000,59.30000000,5.95900000,0.10347000,227.60000000,0.37590000,0.67900000,0.08343000,0.76270000,2051.96000000
2023-12-01 00:00:00,38682.52000000,171.70000000,100.12000000,5.47100000,0.57170000,71.57000000,59.75000000,6.01600000,0.10306000,228.50000000,0.38440000,0.68900000,0.08385000,0.79940000,2087.24000000
2023-12-02 00:00:00,39401.31000000,172.80000000,103.01000000,5.55100000,0.59860000,72.40000000,62.87000000,6.15500000,0.10306000,228.90000000,0.39350000,0.70100000,0.08576000,0.81820000,2159.01000000
